{
  "name": "ember",
  "bpm": "1.0.0",
  "dependencies": {
    "ember": "1.2.0-beta.3"
  },
  "dependencies:development": {
    "spade-qunit": "~> 1.0.0"
  },
  "bpm:build": {
    "bpm_libs.js": {
      "minifier": "uglify-js"
    },
    "jquery.js": {
      "minifier": "uglify-js",
      "include": [
        "jquery"
      ]
    },
    "ember.js": {
      "minifier": "uglify-js",
      "include": [
        "spade",
        "ember-metal",
        "ember-runtime",
        "handlebars",
        "ember-views",
        "ember-routing",
        "ember-handlebars"
      ]
    }
  }
}
