{
  "name": "The Ember API",
  "description": "The Ember API: a framework for building ambitious web applications",
  "version": "1.2.0-beta.3",
  "url": "http://emberjs.com/",
  "options": {
    "paths": [
      "../packages/ember/lib",
      "../packages/ember-debug/lib",
      "../packages/ember-metal/lib",
      "../packages/ember-runtime/lib",
      "../packages/ember-views/lib",
      "../packages/ember-handlebars/lib",
      "../packages/ember-routing/lib",
      "../packages/ember-application/lib",
      "../packages/ember-testing/lib",
      "../packages/ember-handlebars-compiler/lib",
      "../packages/ember-extension-support/lib",
      "../packages/container/lib",
      "../packages/rsvp/lib",
      "../packages/metamorph/lib",
      "../packages/loader/lib"
    ],
    "exclude": "vendor",
    "outdir":   "./build"
  }
}
